id;name;email;role;phone_number;address;create_on;updated_on
1;Oregon Maryland magenta;Wilfredo_Price51@hotmail.com;WORKER;CSS Clothing;withdrawal relationships Handcrafted;2021-08-16T11:18:54;2021-08-16T01:41:48
2;Tactics;Kaylee.Kiehn@gmail.com;MANAGER;Dynamic Games Optimization;New generating Florida;2021-08-16T19:49:13;2021-08-16T07:05:08
3;eco-centric fuchsia Concrete;Kayley.Schinner@gmail.com;MANAGER;drive;Cotton Soft bleeding-edge;2021-08-16T11:37:51;2021-08-16T05:40:23
4;Indian International Ergonomic;Joanne.Wisozk67@yahoo.com;WORKER;mobile azure;XML Architect;2021-08-16T07:10:08;2021-08-16T12:07:24
5;optical overriding Refined;Rubie_Mayert@yahoo.com;WORKER;payment back payment;communities Guyana neural;2021-08-16T04:06:45;2021-08-16T08:58:42
6;Coordinator withdrawal;Warren_Price61@gmail.com;WORKER;Mobility Buckinghamshire;JSON Gabon;2021-08-16T03:40:45;2021-08-16T14:08:52
7;Verde invoice;Albina.Braun11@hotmail.com;ADMIN;parsing Rustic Paradigm;Vermont Indiana;2021-08-15T23:05:30;2021-08-16T17:46:33
8;digital installation;Ramiro5@gmail.com;WORKER;HDD Steel static;Jersey Silver Alabama;2021-08-16T13:27:31;2021-08-16T05:37:56
9;Towels Cambridgeshire;Barrett.Abernathy@gmail.com;WORKER;Configurable Refined online;Dynamic quantifying Human;2021-08-16T12:53:32;2021-08-16T20:28:24
10;indexing web;Kelly_Pouros48@yahoo.com;WORKER;Rustic;Metal;2021-08-16T05:06:22;2021-08-16T09:25:37
